Workbook

Sheet IK
A1: shape_key | C1: shape_id | G1: data_year | H1: data_moth | I1: rice_plant_5 | J1: rice_plant_4 | K1: rice_plant_3 | L1: rice_plant_2 | M1: rice_plant_1 | N1: rice_plant_0 | O1: rice_fail_5 | P1: rice_fail_4 | Q1: rice_fail_3 | R1: rice_fail_2 | S1: 6775643
B2: NO. | C2: KODE KECAMATAN | D2: PROVINSI | E2: KABUPATEN/ KOTA | F2: KECAMATAN | G2: TAHUN BERJALAN | H2: BULAN BERJALAN | I2: LUAS TANAM PADI | O2: LUAS PUSO PADI | U2: LUAS TANAM PADI | Y2: LUAS PUSO PADI | AC2: KOMPOSIT
I3: Bulan berjalan di 5 tahun sebelum | N3: Bulan Berjalan | O3: Bulan berjalan di 5 tahun sebelum | T3: Bulan Berjalan | U3: Rata-Rata 5 th | V3: Hasil | Y3: Rata-Rata 5 th | Z3: Hasil
I4: =J4-1 -> 2020 | J4: =K4-1 -> 2021 | K4: =L4-1 -> 2022 | L4: =M4-1 -> 2023 | M4: =$G$5-1 -> 2024 | O4: =I4 -> 2020 | P4: =J4 -> 2021 | Q4: =K4 -> 2022 | R4: =L4 -> 2023 | S4: =M4 -> 2024 | U4: Rata-Rata 5 th | V4: Value | W4: Bobot | X4: Status | Y4: Rata-Rata 5 th | Z4: Value | AA4: Bobot | AB4: Status | AC4: Value | AD4: Status | AE4: Indeks
A5: 623672 | B5: 1 | C5: 62367201 | D5: Banten | E5: Kota Cilegon | F5: Cibeber | G5: 2025 | H5: 12 | U5: =IF(ISERROR(AVERAGE(I$5:M$5)),0,AVERAGE(I$5:M$5)) -> 0 | V5: =IF(ISERROR(((N$5-U$5)/U$5)*100),0,((N$5-U$5)/U$5)*100) -> 0 | W5: =IF(V$5="","",IF(V$5>=5,3,IF(V$5<-5,1,2))) -> 2 | X5: =IF(W$5="","",IF(W$5=3,"AMAN",IF(W$5=1,"RENTAN","WASPADA"))) -> WASPADA | Y5: =IF(ISERROR(AVERAGE(O$5:S$5)),0,AVERAGE(O$5:S$5)) -> 0 | Z5: =IF(ISERROR(((T$5-Y$5)/Y$5)*100),0,((T$5-Y$5)/Y$5)*100) -> 0 | AA5: =IF(Z$5="","",IF(Z$5<-5,3,IF(Z$5>=5,1,IF(Z$5=0,3,2)))) -> 3 | AB5: =IF(AA$5="","",IF(AA$5=3,"AMAN",IF(AA$5=1,"RENTAN","WASPADA"))) -> AMAN | AC5: =W$5+AA$5 -> 5 | AD5: =IF(AC$5="","",IF(AC$5<=3,"RENTAN",IF(AC$5>5,"AMAN","WASPADA"))) -> WASPADA | AE5: =IF(AD$5="","",IF(AD$5="AMAN","3",IF(AD$5="RENTAN","1","2"))) -> 2
A6: 623672 | B6: 2 | C6: 62367202 | D6: Banten | E6: Kota Cilegon | F6: Cilegon | G6: 2025 | H6: 12 | U6: =IF(ISERROR(AVERAGE(I$6:M$6)),0,AVERAGE(I$6:M$6)) -> 0 | V6: =IF(ISERROR(((N$6-U$6)/U$6)*100),0,((N$6-U$6)/U$6)*100) -> 0 | W6: =IF(V$6="","",IF(V$6>=5,3,IF(V$6<-5,1,2))) -> 2 | X6: =IF(W$6="","",IF(W$6=3,"AMAN",IF(W$6=1,"RENTAN","WASPADA"))) -> WASPADA | Y6: =IF(ISERROR(AVERAGE(O$6:S$6)),0,AVERAGE(O$6:S$6)) -> 0 | Z6: =IF(ISERROR(((T$6-Y$6)/Y$6)*100),0,((T$6-Y$6)/Y$6)*100) -> 0 | AA6: =IF(Z$6="","",IF(Z$6<-5,3,IF(Z$6>=5,1,IF(Z$6=0,3,2)))) -> 3 | AB6: =IF(AA$6="","",IF(AA$6=3,"AMAN",IF(AA$6=1,"RENTAN","WASPADA"))) -> AMAN | AC6: =W$6+AA$6 -> 5 | AD6: =IF(AC$6="","",IF(AC$6<=3,"RENTAN",IF(AC$6>5,"AMAN","WASPADA"))) -> WASPADA | AE6: =IF(AD$6="","",IF(AD$6="AMAN","3",IF(AD$6="RENTAN","1","2"))) -> 2
A7: 623672 | B7: 3 | C7: 62367203 | D7: Banten | E7: Kota Cilegon | F7: Pulomerak | G7: 2025 | H7: 12 | U7: =IF(ISERROR(AVERAGE(I$7:M$7)),0,AVERAGE(I$7:M$7)) -> 0 | V7: =IF(ISERROR(((N$7-U$7)/U$7)*100),0,((N$7-U$7)/U$7)*100) -> 0 | W7: =IF(V$7="","",IF(V$7>=5,3,IF(V$7<-5,1,2))) -> 2 | X7: =IF(W$7="","",IF(W$7=3,"AMAN",IF(W$7=1,"RENTAN","WASPADA"))) -> WASPADA | Y7: =IF(ISERROR(AVERAGE(O$7:S$7)),0,AVERAGE(O$7:S$7)) -> 0 | Z7: =IF(ISERROR(((T$7-Y$7)/Y$7)*100),0,((T$7-Y$7)/Y$7)*100) -> 0 | AA7: =IF(Z$7="","",IF(Z$7<-5,3,IF(Z$7>=5,1,IF(Z$7=0,3,2)))) -> 3 | AB7: =IF(AA$7="","",IF(AA$7=3,"AMAN",IF(AA$7=1,"RENTAN","WASPADA"))) -> AMAN | AC7: =W$7+AA$7 -> 5 | AD7: =IF(AC$7="","",IF(AC$7<=3,"RENTAN",IF(AC$7>5,"AMAN","WASPADA"))) -> WASPADA | AE7: =IF(AD$7="","",IF(AD$7="AMAN","3",IF(AD$7="RENTAN","1","2"))) -> 2
A8: 623672 | B8: 4 | C8: 62367204 | D8: Banten | E8: Kota Cilegon | F8: Ciwandan | G8: 2025 | H8: 12 | U8: =IF(ISERROR(AVERAGE(I$8:M$8)),0,AVERAGE(I$8:M$8)) -> 0 | V8: =IF(ISERROR(((N$8-U$8)/U$8)*100),0,((N$8-U$8)/U$8)*100) -> 0 | W8: =IF(V$8="","",IF(V$8>=5,3,IF(V$8<-5,1,2))) -> 2 | X8: =IF(W$8="","",IF(W$8=3,"AMAN",IF(W$8=1,"RENTAN","WASPADA"))) -> WASPADA | Y8: =IF(ISERROR(AVERAGE(O$8:S$8)),0,AVERAGE(O$8:S$8)) -> 0 | Z8: =IF(ISERROR(((T$8-Y$8)/Y$8)*100),0,((T$8-Y$8)/Y$8)*100) -> 0 | AA8: =IF(Z$8="","",IF(Z$8<-5,3,IF(Z$8>=5,1,IF(Z$8=0,3,2)))) -> 3 | AB8: =IF(AA$8="","",IF(AA$8=3,"AMAN",IF(AA$8=1,"RENTAN","WASPADA"))) -> AMAN | AC8: =W$8+AA$8 -> 5 | AD8: =IF(AC$8="","",IF(AC$8<=3,"RENTAN",IF(AC$8>5,"AMAN","WASPADA"))) -> WASPADA | AE8: =IF(AD$8="","",IF(AD$8="AMAN","3",IF(AD$8="RENTAN","1","2"))) -> 2
A9: 623672 | B9: 5 | C9: 62367205 | D9: Banten | E9: Kota Cilegon | F9: Jombang | G9: 2025 | H9: 12 | U9: =IF(ISERROR(AVERAGE(I$9:M$9)),0,AVERAGE(I$9:M$9)) -> 0 | V9: =IF(ISERROR(((N$9-U$9)/U$9)*100),0,((N$9-U$9)/U$9)*100) -> 0 | W9: =IF(V$9="","",IF(V$9>=5,3,IF(V$9<-5,1,2))) -> 2 | X9: =IF(W$9="","",IF(W$9=3,"AMAN",IF(W$9=1,"RENTAN","WASPADA"))) -> WASPADA | Y9: =IF(ISERROR(AVERAGE(O$9:S$9)),0,AVERAGE(O$9:S$9)) -> 0 | Z9: =IF(ISERROR(((T$9-Y$9)/Y$9)*100),0,((T$9-Y$9)/Y$9)*100) -> 0 | AA9: =IF(Z$9="","",IF(Z$9<-5,3,IF(Z$9>=5,1,IF(Z$9=0,3,2)))) -> 3 | AB9: =IF(AA$9="","",IF(AA$9=3,"AMAN",IF(AA$9=1,"RENTAN","WASPADA"))) -> AMAN | AC9: =W$9+AA$9 -> 5 | AD9: =IF(AC$9="","",IF(AC$9<=3,"RENTAN",IF(AC$9>5,"AMAN","WASPADA"))) -> WASPADA | AE9: =IF(AD$9="","",IF(AD$9="AMAN","3",IF(AD$9="RENTAN","1","2"))) -> 2
A10: 623672 | B10: 6 | C10: 62367206 | D10: Banten | E10: Kota Cilegon | F10: Gerogol | G10: 2025 | H10: 12 | U10: =IF(ISERROR(AVERAGE(I$10:M$10)),0,AVERAGE(I$10:M$10)) -> 0 | V10: =IF(ISERROR(((N$10-U$10)/U$10)*100),0,((N$10-U$10)/U$10)*100) -> 0 | W10: =IF(V$10="","",IF(V$10>=5,3,IF(V$10<-5,1,2))) -> 2 | X10: =IF(W$10="","",IF(W$10=3,"AMAN",IF(W$10=1,"RENTAN","WASPADA"))) -> WASPADA | Y10: =IF(ISERROR(AVERAGE(O$10:S$10)),0,AVERAGE(O$10:S$10)) -> 0 | Z10: =IF(ISERROR(((T$10-Y$10)/Y$10)*100),0,((T$10-Y$10)/Y$10)*100) -> 0 | AA10: =IF(Z$10="","",IF(Z$10<-5,3,IF(Z$10>=5,1,IF(Z$10=0,3,2)))) -> 3 | AB10: =IF(AA$10="","",IF(AA$10=3,"AMAN",IF(AA$10=1,"RENTAN","WASPADA"))) -> AMAN | AC10: =W$10+AA$10 -> 5 | AD10: =IF(AC$10="","",IF(AC$10<=3,"RENTAN",IF(AC$10>5,"AMAN","WASPADA"))) -> WASPADA | AE10: =IF(AD$10="","",IF(AD$10="AMAN","3",IF(AD$10="RENTAN","1","2"))) -> 2
A11: 623672 | B11: 7 | C11: 62367207 | D11: Banten | E11: Kota Cilegon | F11: Purwakarta | G11: 2025 | H11: 12 | U11: =IF(ISERROR(AVERAGE(I$11:M$11)),0,AVERAGE(I$11:M$11)) -> 0 | V11: =IF(ISERROR(((N$11-U$11)/U$11)*100),0,((N$11-U$11)/U$11)*100) -> 0 | W11: =IF(V$11="","",IF(V$11>=5,3,IF(V$11<-5,1,2))) -> 2 | X11: =IF(W$11="","",IF(W$11=3,"AMAN",IF(W$11=1,"RENTAN","WASPADA"))) -> WASPADA | Y11: =IF(ISERROR(AVERAGE(O$11:S$11)),0,AVERAGE(O$11:S$11)) -> 0 | Z11: =IF(ISERROR(((T$11-Y$11)/Y$11)*100),0,((T$11-Y$11)/Y$11)*100) -> 0 | AA11: =IF(Z$11="","",IF(Z$11<-5,3,IF(Z$11>=5,1,IF(Z$11=0,3,2)))) -> 3 | AB11: =IF(AA$11="","",IF(AA$11=3,"AMAN",IF(AA$11=1,"RENTAN","WASPADA"))) -> AMAN | AC11: =W$11+AA$11 -> 5 | AD11: =IF(AC$11="","",IF(AC$11<=3,"RENTAN",IF(AC$11>5,"AMAN","WASPADA"))) -> WASPADA | AE11: =IF(AD$11="","",IF(AD$11="AMAN","3",IF(AD$11="RENTAN","1","2"))) -> 2
A12: 623672 | B12: 8 | C12: 62367208 | D12: Banten | E12: Kota Cilegon | F12: Citangkil | G12: 2025 | H12: 12 | U12: =IF(ISERROR(AVERAGE(I$12:M$12)),0,AVERAGE(I$12:M$12)) -> 0 | V12: =IF(ISERROR(((N$12-U$12)/U$12)*100),0,((N$12-U$12)/U$12)*100) -> 0 | W12: =IF(V$12="","",IF(V$12>=5,3,IF(V$12<-5,1,2))) -> 2 | X12: =IF(W$12="","",IF(W$12=3,"AMAN",IF(W$12=1,"RENTAN","WASPADA"))) -> WASPADA | Y12: =IF(ISERROR(AVERAGE(O$12:S$12)),0,AVERAGE(O$12:S$12)) -> 0 | Z12: =IF(ISERROR(((T$12-Y$12)/Y$12)*100),0,((T$12-Y$12)/Y$12)*100) -> 0 | AA12: =IF(Z$12="","",IF(Z$12<-5,3,IF(Z$12>=5,1,IF(Z$12=0,3,2)))) -> 3 | AB12: =IF(AA$12="","",IF(AA$12=3,"AMAN",IF(AA$12=1,"RENTAN","WASPADA"))) -> AMAN | AC12: =W$12+AA$12 -> 5 | AD12: =IF(AC$12="","",IF(AC$12<=3,"RENTAN",IF(AC$12>5,"AMAN","WASPADA"))) -> WASPADA | AE12: =IF(AD$12="","",IF(AD$12="AMAN","3",IF(AD$12="RENTAN","1","2"))) -> 2
E13: Indonesia | G13: =$G$5 -> 2025 | H13: =$H$5 -> 12 | I13: =SUM(I5:I12) -> 0 | J13: =SUM(J5:J12) -> 0 | K13: =SUM(K5:K12) -> 0 | L13: =SUM(L5:L12) -> 0 | M13: =SUM(M5:M12) -> 0 | N13: =SUM(N5:N12) -> 0 | O13: =SUM(O5:O12) -> 0 | P13: =SUM(P5:P12) -> 0 | ... T13: =SUM(T5:T12) -> 0 | U13: =IF(ISERROR(AVERAGE(I13:M13)),0,AVERAGE(I13:M13)) -> 0 | V13: =IF(ISERROR(((N13-U13)/U13)*100),0,((N13-U13)/U13)*100) -> 0 | W13: =IF(V13="","",IF(V13>=5,3,IF(V13<-5,1,2))) -> 2 | X13: =IF(W13="","",IF(W13=3,"AMAN",IF(W13=1,"RENTAN","WASPADA"))) -> WASPADA | Y13: =IF(ISERROR(AVERAGE(O13:S13)),0,AVERAGE(O13:S13)) -> 0 | Z13: =IF(ISERROR(((T13-Y13)/Y13)*100),0,((T13-Y13)/Y13)*100) -> 0 | AA13: =IF(Z13="","",IF(Z13<-5,3,IF(Z13>=5,1,IF(Z13=0,3,2)))) -> 3 | AB13: =IF(AA13="","",IF(AA13=3,"AMAN",IF(AA13=1,"RENTAN","WASPADA"))) -> AMAN | AC13: =W13+AA13 -> 5 | AD13: =IF(AC13="","",IF(AC13<=3,"RENTAN",IF(AC13>5,"AMAN","WASPADA"))) -> WASPADA | AE13: =IF(AD13="","",IF(AD13="AMAN","3",IF(AD13="RENTAN","1","2"))) -> 2

Sheet IA
A1: shape_key | C1: shape_id | G1: data_year | H1: data_moth | I1: rice_price_1 | J1: rice_price_0 | K1: voil_price_1 | L1: voil_price_0 | M1: egg_price_1 | N1: egg_price_0
B2: NO. | C2: KODE KECAMATAN | D2: PROVINSI | E2: KABUPATEN/KOTA | F2: KECAMATAN | G2: TAHUN BERJALAN | H2: BULAN BERJALAN | I2: Harga Beras | K2: Harga Minyak Goreng | M2: Harga Telur Ayam | O2: BERAS | Q2: MINYAK GORENG | S2: TELUR AYAM | U2: BOBOT
I3: Bulan Berjalan di 1 Tahun Sebelumnya | J3: Bulan Berjalan | K3: =I3 -> Bulan Berjalan di 1 Tahun Sebelumnya | L3: =J3 -> Bulan Berjalan | M3: =K3 -> Bulan Berjalan di 1 Tahun Sebelumnya | N3: =L3 -> Bulan Berjalan | O3: Value | P3: Bobot | Q3: Value | R3: Bobot | S3: Value | T3: Bobot
I4: =DATE($G$5-1,$H$5,1) -> 45627 | J4: =DATE($G$5,$H$5,1) -> 45992 | K4: =I4 -> 45627 | L4: =J4 -> 45992 | M4: =K4 -> 45627 | N4: =L4 -> 45992 | U4: VALUE | V4: STATUS | W4: INDEKS
A5: 623672 | B5: 1 | C5: 62367201 | D5: Banten | E5: Kota Cilegon | F5: Cibeber | G5: 2025 | H5: 12 | I5: 14000 | J5: 13500 | K5: 18968 | L5: 22000 | M5: 29355 | N5: 30333 | O5: =IF(ISERROR(((J$5-I$5)/I$5)*100),0,((J$5-I$5)/I$5)*100) -> -3.5714286 | P5: =IF(O$5="","",IF(O$5>10,1,IF(O$5<5,3,2))) -> 3 | Q5: =IF(ISERROR(((L$5-K$5)/K$5)*100),0,((L$5-K$5)/K$5)*100) -> 15.984817 | R5: =IF(Q$5="","",IF(Q$5>15,1,IF(Q$5<5,3,2))) -> 1 | S5: =IF(ISERROR(((N$5-M$5)/M$5)*100),0,((N$5-M$5)/M$5)*100) -> 3.33163 | T5: =IF(S$5="","",IF(S$5>15,1,IF(S$5<5,3,2))) -> 3 | U5: =IF(ISERROR(P$5+R$5+T$5),"",P$5+R$5+T$5) -> 7 | V5: =IF(U$5="","",IF(U$5<=5,"RENTAN",IF(U$5>7,"AMAN","WASPADA"))) -> WASPADA | W5: =IF(V$5="","",IF(V$5="AMAN","3",IF(V$5="RENTAN","1","2"))) -> 2
A6: 623672 | B6: 2 | C6: 62367202 | D6: Banten | E6: Kota Cilegon | F6: Cilegon | G6: 2025 | H6: 12 | I6: 14000 | J6: 13500 | K6: 18968 | L6: 22000 | M6: 29355 | N6: 30333 | O6: =IF(ISERROR(((J$6-I$6)/I$6)*100),0,((J$6-I$6)/I$6)*100) -> -3.5714286 | P6: =IF(O$6="","",IF(O$6>10,1,IF(O$6<5,3,2))) -> 3 | Q6: =IF(ISERROR(((L$6-K$6)/K$6)*100),0,((L$6-K$6)/K$6)*100) -> 15.984817 | R6: =IF(Q$6="","",IF(Q$6>15,1,IF(Q$6<5,3,2))) -> 1 | S6: =IF(ISERROR(((N$6-M$6)/M$6)*100),0,((N$6-M$6)/M$6)*100) -> 3.33163 | T6: =IF(S$6="","",IF(S$6>15,1,IF(S$6<5,3,2))) -> 3 | U6: =IF(ISERROR(P$6+R$6+T$6),"",P$6+R$6+T$6) -> 7 | V6: =IF(U$6="","",IF(U$6<=5,"RENTAN",IF(U$6>7,"AMAN","WASPADA"))) -> WASPADA | W6: =IF(V$6="","",IF(V$6="AMAN","3",IF(V$6="RENTAN","1","2"))) -> 2
A7: 623672 | B7: 3 | C7: 62367203 | D7: Banten | E7: Kota Cilegon | F7: Pulomerak | G7: 2025 | H7: 12 | I7: 14000 | J7: 14000 | K7: 17194 | L7: 21000 | M7: 29323 | N7: 31310 | O7: =IF(ISERROR(((J$7-I$7)/I$7)*100),0,((J$7-I$7)/I$7)*100) -> 0 | P7: =IF(O$7="","",IF(O$7>10,1,IF(O$7<5,3,2))) -> 3 | Q7: =IF(ISERROR(((L$7-K$7)/K$7)*100),0,((L$7-K$7)/K$7)*100) -> 22.135629 | R7: =IF(Q$7="","",IF(Q$7>15,1,IF(Q$7<5,3,2))) -> 1 | S7: =IF(ISERROR(((N$7-M$7)/M$7)*100),0,((N$7-M$7)/M$7)*100) -> 6.7762507 | T7: =IF(S$7="","",IF(S$7>15,1,IF(S$7<5,3,2))) -> 2 | U7: =IF(ISERROR(P$7+R$7+T$7),"",P$7+R$7+T$7) -> 6 | V7: =IF(U$7="","",IF(U$7<=5,"RENTAN",IF(U$7>7,"AMAN","WASPADA"))) -> WASPADA | W7: =IF(V$7="","",IF(V$7="AMAN","3",IF(V$7="RENTAN","1","2"))) -> 2
A8: 623672 | B8: 4 | C8: 62367204 | D8: Banten | E8: Kota Cilegon | F8: Ciwandan | G8: 2025 | H8: 12 | I8: 13000 | J8: 13259 | K8: 17645 | L8: 21483 | M8: 29226 | N8: 30138 | O8: =IF(ISERROR(((J$8-I$8)/I$8)*100),0,((J$8-I$8)/I$8)*100) -> 1.9923077 | P8: =IF(O$8="","",IF(O$8>10,1,IF(O$8<5,3,2))) -> 3 | Q8: =IF(ISERROR(((L$8-K$8)/K$8)*100),0,((L$8-K$8)/K$8)*100) -> 21.751204 | R8: =IF(Q$8="","",IF(Q$8>15,1,IF(Q$8<5,3,2))) -> 1 | S8: =IF(ISERROR(((N$8-M$8)/M$8)*100),0,((N$8-M$8)/M$8)*100) -> 3.1205091 | T8: =IF(S$8="","",IF(S$8>15,1,IF(S$8<5,3,2))) -> 3 | U8: =IF(ISERROR(P$8+R$8+T$8),"",P$8+R$8+T$8) -> 7 | V8: =IF(U$8="","",IF(U$8<=5,"RENTAN",IF(U$8>7,"AMAN","WASPADA"))) -> WASPADA | W8: =IF(V$8="","",IF(V$8="AMAN","3",IF(V$8="RENTAN","1","2"))) -> 2
A9: 623672 | B9: 5 | C9: 62367205 | D9: Banten | E9: Kota Cilegon | F9: Jombang | G9: 2025 | H9: 12 | I9: 13000 | J9: 13259 | K9: 17645 | L9: 21483 | M9: 29226 | N9: 30138 | O9: =IF(ISERROR(((J$9-I$9)/I$9)*100),0,((J$9-I$9)/I$9)*100) -> 1.9923077 | P9: =IF(O$9="","",IF(O$9>10,1,IF(O$9<5,3,2))) -> 3 | Q9: =IF(ISERROR(((L$9-K$9)/K$9)*100),0,((L$9-K$9)/K$9)*100) -> 21.751204 | R9: =IF(Q$9="","",IF(Q$9>15,1,IF(Q$9<5,3,2))) -> 1 | S9: =IF(ISERROR(((N$9-M$9)/M$9)*100),0,((N$9-M$9)/M$9)*100) -> 3.1205091 | T9: =IF(S$9="","",IF(S$9>15,1,IF(S$9<5,3,2))) -> 3 | U9: =IF(ISERROR(P$9+R$9+T$9),"",P$9+R$9+T$9) -> 7 | V9: =IF(U$9="","",IF(U$9<=5,"RENTAN",IF(U$9>7,"AMAN","WASPADA"))) -> WASPADA | W9: =IF(V$9="","",IF(V$9="AMAN","3",IF(V$9="RENTAN","1","2"))) -> 2
A10: 623672 | B10: 6 | C10: 62367206 | D10: Banten | E10: Kota Cilegon | F10: Gerogol | G10: 2025 | H10: 12 | I10: 14000 | J10: 14000 | K10: 17194 | L10: 21000 | M10: 29323 | N10: 31310 | O10: =IF(ISERROR(((J$10-I$10)/I$10)*100),0,((J$10-I$10)/I$10)*100) -> 0 | P10: =IF(O$10="","",IF(O$10>10,1,IF(O$10<5,3,2))) -> 3 | Q10: =IF(ISERROR(((L$10-K$10)/K$10)*100),0,((L$10-K$10)/K$10)*100) -> 22.135629 | R10: =IF(Q$10="","",IF(Q$10>15,1,IF(Q$10<5,3,2))) -> 1 | S10: =IF(ISERROR(((N$10-M$10)/M$10)*100),0,((N$10-M$10)/M$10)*100) -> 6.7762507 | T10: =IF(S$10="","",IF(S$10>15,1,IF(S$10<5,3,2))) -> 2 | U10: =IF(ISERROR(P$10+R$10+T$10),"",P$10+R$10+T$10) -> 6 | V10: =IF(U$10="","",IF(U$10<=5,"RENTAN",IF(U$10>7,"AMAN","WASPADA"))) -> WASPADA | W10: =IF(V$10="","",IF(V$10="AMAN","3",IF(V$10="RENTAN","1","2"))) -> 2
A11: 623672 | B11: 7 | C11: 62367207 | D11: Banten | E11: Kota Cilegon | F11: Purwakarta | G11: 2025 | H11: 12 | I11: 13000 | J11: 13259 | K11: 17645 | L11: 21483 | M11: 29226 | N11: 30138 | O11: =IF(ISERROR(((J$11-I$11)/I$11)*100),0,((J$11-I$11)/I$11)*100) -> 1.9923077 | P11: =IF(O$11="","",IF(O$11>10,1,IF(O$11<5,3,2))) -> 3 | Q11: =IF(ISERROR(((L$11-K$11)/K$11)*100),0,((L$11-K$11)/K$11)*100) -> 21.751204 | R11: =IF(Q$11="","",IF(Q$11>15,1,IF(Q$11<5,3,2))) -> 1 | S11: =IF(ISERROR(((N$11-M$11)/M$11)*100),0,((N$11-M$11)/M$11)*100) -> 3.1205091 | T11: =IF(S$11="","",IF(S$11>15,1,IF(S$11<5,3,2))) -> 3 | U11: =IF(ISERROR(P$11+R$11+T$11),"",P$11+R$11+T$11) -> 7 | V11: =IF(U$11="","",IF(U$11<=5,"RENTAN",IF(U$11>7,"AMAN","WASPADA"))) -> WASPADA | W11: =IF(V$11="","",IF(V$11="AMAN","3",IF(V$11="RENTAN","1","2"))) -> 2
A12: 623672 | B12: 8 | C12: 62367208 | D12: Banten | E12: Kota Cilegon | F12: Citangkil | G12: 2025 | H12: 12 | I12: 13000 | J12: 13259 | K12: 17645 | L12: 21483 | M12: 29226 | N12: 30138 | O12: =IF(ISERROR(((J$12-I$12)/I$12)*100),0,((J$12-I$12)/I$12)*100) -> 1.9923077 | P12: =IF(O$12="","",IF(O$12>10,1,IF(O$12<5,3,2))) -> 3 | Q12: =IF(ISERROR(((L$12-K$12)/K$12)*100),0,((L$12-K$12)/K$12)*100) -> 21.751204 | R12: =IF(Q$12="","",IF(Q$12>15,1,IF(Q$12<5,3,2))) -> 1 | S12: =IF(ISERROR(((N$12-M$12)/M$12)*100),0,((N$12-M$12)/M$12)*100) -> 3.1205091 | T12: =IF(S$12="","",IF(S$12>15,1,IF(S$12<5,3,2))) -> 3 | U12: =IF(ISERROR(P$12+R$12+T$12),"",P$12+R$12+T$12) -> 7 | V12: =IF(U$12="","",IF(U$12<=5,"RENTAN",IF(U$12>7,"AMAN","WASPADA"))) -> WASPADA | W12: =IF(V$12="","",IF(V$12="AMAN","3",IF(V$12="RENTAN","1","2"))) -> 2
E13: =E12 -> Kota Cilegon | G13: =$G$5 -> 2025 | H13: =$H$5 -> 12 | I13: =IFERROR(AVERAGE(I5:I12),"") -> 13500 | J13: =IFERROR(AVERAGE(J5:J12),"") -> 13504.5 | K13: =IFERROR(AVERAGE(K5:K12),"") -> 17863 | L13: =IFERROR(AVERAGE(L5:L12),"") -> 21491.5 | M13: =IFERROR(AVERAGE(M5:M12),"") -> 29282.5 | N13: =IFERROR(AVERAGE(N5:N12),"") -> 30479.75 | O13: =IF(ISERROR(((J13-I13)/I13)*100),0,((J13-I13)/I13)*100) -> 0.033333333 | P13: =IF(O13="","",IF(O13>10,1,IF(O13<5,3,2))) -> 3 | Q13: =IF(ISERROR(((L13-K13)/K13)*100),0,((L13-K13)/K13)*100) -> 20.312937 | R13: =IF(Q13="","",IF(Q13>15,1,IF(Q13<5,3,2))) -> 1 | S13: =IF(ISERROR(((N13-M13)/M13)*100),0,((N13-M13)/M13)*100) -> 4.0886195 | T13: =IF(S13="","",IF(S13>15,1,IF(S13<5,3,2))) -> 3 | U13: =IF(ISERROR(P13+R13+T13),"",P13+R13+T13) -> 7 | V13: =IF(U13="","",IF(U13<=5,"RENTAN",IF(U13>7,"AMAN","WASPADA"))) -> WASPADA | W13: =IF(V13="","",IF(V13="AMAN","3",IF(V13="RENTAN","1","2"))) -> 2

Sheet IP
A1: shape_key | C1: shape_id | G1: data_year | H1: data_moth | I1: sev_under_w | J1: under_w | K1: normal_w | L1: over_w
B2: NO. | C2: KODE KECAMATAN | D2: PROVINSI | E2: KABUPATEN/KOTA | F2: KECAMATAN | G2: TAHUN BERJALAN | H2: BULAN BERJALAN | I2: BB Sangat Kurang | J2: BB Kurang | K2: BB Normal | L2: Risiko BB Lebih | M2: BB Sangat Kurang + BB Kurang | N2: TOTAL BB/U | O2: HASIL
O3: VALUE | P3: BOBOT | Q3: STATUS
A4: 623672 | B4: 1 | C4: 62367201 | D4: Banten | E4: Kota Cilegon | F4: Cibeber | G4: 2025 | H4: 12 | I4: 49 | J4: 199 | K4: 3358 | L4: 83 | M4: =I$4+J$4 -> 248 | N4: =SUM(I$4:L$4) -> 3689 | O4: =IF(ISERROR((M$4/N$4)*100),0,((M$4/N$4)*100)) -> 6.7226891 | P4: =IF(O$4="","",IF(O$4<10,3,IF(O$4>15,1,2))) -> 3 | Q4: =IF(O$4="","",IF(O$4<10,"AMAN",IF(O$4>15,"RENTAN","WASPADA"))) -> AMAN
A5: 623672 | B5: 2 | C5: 62367202 | D5: Banten | E5: Kota Cilegon | F5: Cilegon | G5: 2025 | H5: 12 | I5: 16 | J5: 120 | K5: 2867 | L5: 170 | M5: =I$5+J$5 -> 136 | N5: =SUM(I$5:L$5) -> 3173 | O5: =IF(ISERROR((M$5/N$5)*100),0,((M$5/N$5)*100)) -> 4.2861645 | P5: =IF(O$5="","",IF(O$5<10,3,IF(O$5>15,1,2))) -> 3 | Q5: =IF(O$5="","",IF(O$5<10,"AMAN",IF(O$5>15,"RENTAN","WASPADA"))) -> AMAN
A6: 623672 | B6: 3 | C6: 62367203 | D6: Banten | E6: Kota Cilegon | F6: Pulomerak | G6: 2025 | H6: 12 | I6: 27 | J6: 202 | K6: 2422 | L6: 183 | M6: =I$6+J$6 -> 229 | N6: =SUM(I$6:L$6) -> 2834 | O6: =IF(ISERROR((M$6/N$6)*100),0,((M$6/N$6)*100)) -> 8.0804517 | P6: =IF(O$6="","",IF(O$6<10,3,IF(O$6>15,1,2))) -> 3 | Q6: =IF(O$6="","",IF(O$6<10,"AMAN",IF(O$6>15,"RENTAN","WASPADA"))) -> AMAN
A7: 623672 | B7: 4 | C7: 62367204 | D7: Banten | E7: Kota Cilegon | F7: Ciwandan | G7: 2025 | H7: 12 | I7: 52 | J7: 51 | K7: 3376 | L7: 49 | M7: =I$7+J$7 -> 103 | N7: =SUM(I$7:L$7) -> 3528 | O7: =IF(ISERROR((M$7/N$7)*100),0,((M$7/N$7)*100)) -> 2.9195011 | P7: =IF(O$7="","",IF(O$7<10,3,IF(O$7>15,1,2))) -> 3 | Q7: =IF(O$7="","",IF(O$7<10,"AMAN",IF(O$7>15,"RENTAN","WASPADA"))) -> AMAN
A8: 623672 | B8: 5 | C8: 62367205 | D8: Banten | E8: Kota Cilegon | F8: Jombang | G8: 2025 | H8: 12 | I8: 33 | J8: 115 | K8: 3344 | L8: 152 | M8: =I$8+J$8 -> 148 | N8: =SUM(I$8:L$8) -> 3644 | O8: =IF(ISERROR((M$8/N$8)*100),0,((M$8/N$8)*100)) -> 4.0614709 | P8: =IF(O$8="","",IF(O$8<10,3,IF(O$8>15,1,2))) -> 3 | Q8: =IF(O$8="","",IF(O$8<10,"AMAN",IF(O$8>15,"RENTAN","WASPADA"))) -> AMAN
A9: 623672 | B9: 6 | C9: 62367206 | D9: Banten | E9: Kota Cilegon | F9: Gerogol | G9: 2025 | H9: 12 | I9: 32 | J9: 203 | K9: 2148 | L9: 156 | M9: =I$9+J$9 -> 235 | N9: =SUM(I$9:L$9) -> 2539 | O9: =IF(ISERROR((M$9/N$9)*100),0,((M$9/N$9)*100)) -> 9.2556124 | P9: =IF(O$9="","",IF(O$9<10,3,IF(O$9>15,1,2))) -> 3 | Q9: =IF(O$9="","",IF(O$9<10,"AMAN",IF(O$9>15,"RENTAN","WASPADA"))) -> AMAN
A10: 623672 | B10: 7 | C10: 62367207 | D10: Banten | E10: Kota Cilegon | F10: Purwakarta | G10: 2025 | H10: 12 | I10: 25 | J10: 125 | K10: 2529 | L10: 97 | M10: =I$10+J$10 -> 150 | N10: =SUM(I$10:L$10) -> 2776 | O10: =IF(ISERROR((M$10/N$10)*100),0,((M$10/N$10)*100)) -> 5.4034582 | P10: =IF(O$10="","",IF(O$10<10,3,IF(O$10>15,1,2))) -> 3 | Q10: =IF(O$10="","",IF(O$10<10,"AMAN",IF(O$10>15,"RENTAN","WASPADA"))) -> AMAN
A11: 623672 | B11: 8 | C11: 62367208 | D11: Banten | E11: Kota Cilegon | F11: Citangkil | G11: 2025 | H11: 12 | I11: 30 | J11: 164 | K11: 4313 | L11: 214 | M11: =I$11+J$11 -> 194 | N11: =SUM(I$11:L$11) -> 4721 | O11: =IF(ISERROR((M$11/N$11)*100),0,((M$11/N$11)*100)) -> 4.1092989 | P11: =IF(O$11="","",IF(O$11<10,3,IF(O$11>15,1,2))) -> 3 | Q11: =IF(O$11="","",IF(O$11<10,"AMAN",IF(O$11>15,"RENTAN","WASPADA"))) -> AMAN
E12: =E11 -> Kota Cilegon | G12: =$G$4 -> 2025 | H12: =$H$4 -> 12 | I12: =SUM(I4:I11) -> 264 | J12: =SUM(J4:J11) -> 1179 | K12: =SUM(K4:K11) -> 24357 | L12: =SUM(L4:L11) -> 1104 | M12: =SUM(M4:M11) -> 1443 | N12: =SUM(N4:N11) -> 26904 | O12: =IF(ISERROR((M12/N12)*100),0,((M12/N12)*100)) -> 5.3635147 | P12: =IF(O12="","",IF(O12<10,3,IF(O12>15,1,2))) -> 3 | Q12: =IF(O12="","",IF(O12<10,"AMAN",IF(O12>15,"RENTAN","WASPADA"))) -> AMAN

Sheet IKB
B1: NO | C1: KODE KECAMATAN | D1: PROVINSI | E1: KABUPATEN/KOTA | F1: KECAMATAN | G1: TAHUN BERJALAN | H1: BULAN BERJALAN | I1: IK | J1: IA | K1: IP | L1: SKOR KOMPOSIT BULANAN | M1: KETERANGAN KOMPOSIT BULANAN | N1: INDEKS KOMPOSIT BULANAN (IKB)
A2: 623672 | B2: 1 | C2: 62367201 | D2: Banten | E2: Kota Cilegon | F2: Cibeber | G2: 2025 | H2: 12 | I2: 0 | J2: =IA!W$5 -> 2 | K2: =IP!P$4 -> 3 | L2: =IF(ISERROR(I$2+J$2+K$2),"",I$2+J$2+K$2) -> 5 | M2: =IF(L$2="","",IF(L$2<=3,"RENTAN",IF(L$2>5,"AMAN","WASPADA"))) -> WASPADA | N2: =IF(M$2="","",IF(M$2="aman","3",IF(M$2="rentan","1","2"))) -> 2
A3: 623672 | B3: 2 | C3: 62367202 | D3: Banten | E3: Kota Cilegon | F3: Cilegon | G3: 2025 | H3: 12 | I3: 0 | J3: =IA!W$6 -> 2 | K3: =IP!P$5 -> 3 | L3: =IF(ISERROR(I$3+J$3+K$3),"",I$3+J$3+K$3) -> 5 | M3: =IF(L$3="","",IF(L$3<=3,"RENTAN",IF(L$3>5,"AMAN","WASPADA"))) -> WASPADA | N3: =IF(M$3="","",IF(M$3="aman","3",IF(M$3="rentan","1","2"))) -> 2
A4: 623672 | B4: 3 | C4: 62367203 | D4: Banten | E4: Kota Cilegon | F4: Pulomerak | G4: 2025 | H4: 12 | I4: 0 | J4: =IA!W$7 -> 2 | K4: =IP!P$6 -> 3 | L4: =IF(ISERROR(I$4+J$4+K$4),"",I$4+J$4+K$4) -> 5 | M4: =IF(L$4="","",IF(L$4<=3,"RENTAN",IF(L$4>5,"AMAN","WASPADA"))) -> WASPADA | N4: =IF(M$4="","",IF(M$4="aman","3",IF(M$4="rentan","1","2"))) -> 2
A5: 623672 | B5: 4 | C5: 62367204 | D5: Banten | E5: Kota Cilegon | F5: Ciwandan | G5: 2025 | H5: 12 | I5: 0 | J5: =IA!W$8 -> 2 | K5: =IP!P$7 -> 3 | L5: =IF(ISERROR(I$5+J$5+K$5),"",I$5+J$5+K$5) -> 5 | M5: =IF(L$5="","",IF(L$5<=3,"RENTAN",IF(L$5>5,"AMAN","WASPADA"))) -> WASPADA | N5: =IF(M$5="","",IF(M$5="aman","3",IF(M$5="rentan","1","2"))) -> 2
A6: 623672 | B6: 5 | C6: 62367205 | D6: Banten | E6: Kota Cilegon | F6: Jombang | G6: 2025 | H6: 12 | I6: 0 | J6: =IA!W$9 -> 2 | K6: =IP!P$8 -> 3 | L6: =IF(ISERROR(I$6+J$6+K$6),"",I$6+J$6+K$6) -> 5 | M6: =IF(L$6="","",IF(L$6<=3,"RENTAN",IF(L$6>5,"AMAN","WASPADA"))) -> WASPADA | N6: =IF(M$6="","",IF(M$6="aman","3",IF(M$6="rentan","1","2"))) -> 2
A7: 623672 | B7: 6 | C7: 62367206 | D7: Banten | E7: Kota Cilegon | F7: Gerogol | G7: 2025 | H7: 12 | I7: 0 | J7: =IA!W$10 -> 2 | K7: =IP!P$9 -> 3 | L7: =IF(ISERROR(I$7+J$7+K$7),"",I$7+J$7+K$7) -> 5 | M7: =IF(L$7="","",IF(L$7<=3,"RENTAN",IF(L$7>5,"AMAN","WASPADA"))) -> WASPADA | N7: =IF(M$7="","",IF(M$7="aman","3",IF(M$7="rentan","1","2"))) -> 2
A8: 623672 | B8: 7 | C8: 62367207 | D8: Banten | E8: Kota Cilegon | F8: Purwakarta | G8: 2025 | H8: 12 | I8: 0 | J8: =IA!W$11 -> 2 | K8: =IP!P$10 -> 3 | L8: =IF(ISERROR(I$8+J$8+K$8),"",I$8+J$8+K$8) -> 5 | M8: =IF(L$8="","",IF(L$8<=3,"RENTAN",IF(L$8>5,"AMAN","WASPADA"))) -> WASPADA | N8: =IF(M$8="","",IF(M$8="aman","3",IF(M$8="rentan","1","2"))) -> 2
A9: 623672 | B9: 8 | C9: 62367208 | D9: Banten | E9: Kota Cilegon | F9: Citangkil | G9: 2025 | H9: 12 | I9: 0 | J9: =IA!W$12 -> 2 | K9: =IP!P$11 -> 3 | L9: =IF(ISERROR(I$9+J$9+K$9),"",I$9+J$9+K$9) -> 5 | M9: =IF(L$9="","",IF(L$9<=3,"RENTAN",IF(L$9>5,"AMAN","WASPADA"))) -> WASPADA | N9: =IF(M$9="","",IF(M$9="aman","3",IF(M$9="rentan","1","2"))) -> 2
E10: =E9 -> Kota Cilegon | G10: =$G$2 -> 2025 | H10: =$H$2 -> 12 | I10: 0 | J10: =IA!W$13 -> 2 | K10: =IP!P$12 -> 3 | L10: =IF(ISERROR(I10+J10+K10),"",I10+J10+K10) -> 5 | M10: =IF(L10="","",IF(L10<=3,"RENTAN",IF(L10>5,"AMAN","WASPADA"))) -> WASPADA | N10: =IF(M10="","",IF(M10="aman","3",IF(M10="rentan","1","2"))) -> 2

Sheet BMKG
A1: shape_key | C1: shape_id | G1: data_year | H1: data_moth | I1: skor_dry | L1: skor_wet | S1: 6775643
B2: NO. | C2: KODE KECAMATAN | D2: PROVINSI | E2: KABUPATEN/ KOTA | F2: KECAMATAN | G2: TAHUN BERJALAN | H2: BULAN BERJALAN | I2: RINGKASAN POTENSI KERING | L2: RINGKASAN POTENSI BASAH | O2: RINGKASAN KONDISI IKLIM
I3: Skor | J3: Kelas | K3: Kategori | L3: Skor | M3: Kelas | N3: Kategori | O3: Kombinasi Kelas | P3: Kategori
A4: 623672 | B4: 1 | C4: 62367201 | D4: Banten | E4: Kota Cilegon | F4: Cibeber | G4: 2025 | H4: 12 | I4: 0 | K4: =IF(J$4=9,"Tidak ada data",IF(J$4=3,"Awas",IF(J$4=2,"Siaga",IF(J$4=1,"Waspada","Aman")))) -> Aman | L4: 0 | N4: =IF(M$4=9,"Tidak ada data",IF(M$4=3,"Awas",IF(M$4=2,"Siaga",IF(M$4=1,"Waspada","Aman")))) -> Aman | O4: =_xlfn.CONCAT(J$4,M$4) | P4: =VLOOKUP(O$4,PVTX!$C$1:$D$25,2) -> #N/A
A5: 623672 | B5: 2 | C5: 62367202 | D5: Banten | E5: Kota Cilegon | F5: Cilegon | G5: 2025 | H5: 12 | I5: 0 | K5: =IF(J$5=9,"Tidak ada data",IF(J$5=3,"Awas",IF(J$5=2,"Siaga",IF(J$5=1,"Waspada","Aman")))) -> Aman | L5: 0 | N5: =IF(M$5=9,"Tidak ada data",IF(M$5=3,"Awas",IF(M$5=2,"Siaga",IF(M$5=1,"Waspada","Aman")))) -> Aman | O5: =_xlfn.CONCAT(J$5,M$5) | P5: =VLOOKUP(O$5,PVTX!$C$1:$D$25,2) -> #N/A
A6: 623672 | B6: 3 | C6: 62367203 | D6: Banten | E6: Kota Cilegon | F6: Pulomerak | G6: 2025 | H6: 12 | I6: 0 | K6: =IF(J$6=9,"Tidak ada data",IF(J$6=3,"Awas",IF(J$6=2,"Siaga",IF(J$6=1,"Waspada","Aman")))) -> Aman | L6: 0 | N6: =IF(M$6=9,"Tidak ada data",IF(M$6=3,"Awas",IF(M$6=2,"Siaga",IF(M$6=1,"Waspada","Aman")))) -> Aman | O6: =_xlfn.CONCAT(J$6,M$6) | P6: =VLOOKUP(O$6,PVTX!$C$1:$D$25,2) -> #N/A
A7: 623672 | B7: 4 | C7: 62367204 | D7: Banten | E7: Kota Cilegon | F7: Ciwandan | G7: 2025 | H7: 12 | I7: 0 | K7: =IF(J$7=9,"Tidak ada data",IF(J$7=3,"Awas",IF(J$7=2,"Siaga",IF(J$7=1,"Waspada","Aman")))) -> Aman | L7: 0 | N7: =IF(M$7=9,"Tidak ada data",IF(M$7=3,"Awas",IF(M$7=2,"Siaga",IF(M$7=1,"Waspada","Aman")))) -> Aman | O7: =_xlfn.CONCAT(J$7,M$7) | P7: =VLOOKUP(O$7,PVTX!$C$1:$D$25,2) -> #N/A
A8: 623672 | B8: 5 | C8: 62367205 | D8: Banten | E8: Kota Cilegon | F8: Jombang | G8: 2025 | H8: 12 | I8: 0 | K8: =IF(J$8=9,"Tidak ada data",IF(J$8=3,"Awas",IF(J$8=2,"Siaga",IF(J$8=1,"Waspada","Aman")))) -> Aman | L8: 0 | N8: =IF(M$8=9,"Tidak ada data",IF(M$8=3,"Awas",IF(M$8=2,"Siaga",IF(M$8=1,"Waspada","Aman")))) -> Aman | O8: =_xlfn.CONCAT(J$8,M$8) | P8: =VLOOKUP(O$8,PVTX!$C$1:$D$25,2) -> #N/A
A9: 623672 | B9: 6 | C9: 62367206 | D9: Banten | E9: Kota Cilegon | F9: Gerogol | G9: 2025 | H9: 12 | I9: 0 | K9: =IF(J$9=9,"Tidak ada data",IF(J$9=3,"Awas",IF(J$9=2,"Siaga",IF(J$9=1,"Waspada","Aman")))) -> Aman | L9: 0 | N9: =IF(M$9=9,"Tidak ada data",IF(M$9=3,"Awas",IF(M$9=2,"Siaga",IF(M$9=1,"Waspada","Aman")))) -> Aman | O9: =_xlfn.CONCAT(J$9,M$9) | P9: =VLOOKUP(O$9,PVTX!$C$1:$D$25,2) -> #N/A
A10: 623672 | B10: 7 | C10: 62367207 | D10: Banten | E10: Kota Cilegon | F10: Purwakarta | G10: 2025 | H10: 12 | I10: 0 | K10: =IF(J$10=9,"Tidak ada data",IF(J$10=3,"Awas",IF(J$10=2,"Siaga",IF(J$10=1,"Waspada","Aman")))) -> Aman | L10: 0 | N10: =IF(M$10=9,"Tidak ada data",IF(M$10=3,"Awas",IF(M$10=2,"Siaga",IF(M$10=1,"Waspada","Aman")))) -> Aman | O10: =_xlfn.CONCAT(J$10,M$10) | P10: =VLOOKUP(O$10,PVTX!$C$1:$D$25,2) -> #N/A
A11: 623672 | B11: 8 | C11: 62367208 | D11: Banten | E11: Kota Cilegon | F11: Citangkil | G11: 2025 | H11: 12 | I11: 0 | K11: =IF(J$11=9,"Tidak ada data",IF(J$11=3,"Awas",IF(J$11=2,"Siaga",IF(J$11=1,"Waspada","Aman")))) -> Aman | L11: 0 | N11: =IF(M$11=9,"Tidak ada data",IF(M$11=3,"Awas",IF(M$11=2,"Siaga",IF(M$11=1,"Waspada","Aman")))) -> Aman | O11: =_xlfn.CONCAT(J$11,M$11) | P11: =VLOOKUP(O$11,PVTX!$C$1:$D$25,2) -> #N/A
E12: =E11 -> Kota Cilegon | G12: =$G$4 -> 2025 | H12: =$H$4 -> 12 | I12: =IFERROR(ROUNDDOWN(AVERAGEIF(I4:I11,">0"),0),0) -> 0 | K12: =IF(J12=9,"Tidak ada data",IF(J12=3,"Awas",IF(J12=2,"Siaga",IF(J12=1,"Waspada","Aman")))) -> Aman | L12: =IFERROR(ROUNDDOWN(AVERAGEIF(L4:L11,">0"),0),0) -> 0 | N12: =IF(M12=9,"Tidak ada data",IF(M12=3,"Awas",IF(M12=2,"Siaga",IF(M12=1,"Waspada","Aman")))) -> Aman | O12: =_xlfn.CONCAT(J12,M12) | P12: =VLOOKUP(O12,PVTX!$C$1:$D$25,2) -> #N/A

Sheet PVTX
A1: 0 | B1: 0 | C1: =_xlfn.CONCAT(A1,B1) -> 00 | D1: Aman
A2: 0 | B2: 1 | C2: =_xlfn.CONCAT(A2,B2) -> 01 | D2: Waspada
A3: 0 | B3: 2 | C3: =_xlfn.CONCAT(A3,B3) -> 02 | D3: Siaga
A4: 0 | B4: 3 | C4: =_xlfn.CONCAT(A4,B4) -> 03 | D4: Awas
A5: 0 | B5: 9 | C5: =_xlfn.CONCAT(A5,B5) -> 09 | D5: Tidak ada data
A6: 1 | B6: 0 | C6: =_xlfn.CONCAT(A6,B6) -> 10 | D6: Waspada
A7: 1 | B7: 1 | C7: =_xlfn.CONCAT(A7,B7) -> 11 | D7: Siaga
A8: 1 | B8: 2 | C8: =_xlfn.CONCAT(A8,B8) -> 12 | D8: Siaga
A9: 1 | B9: 3 | C9: =_xlfn.CONCAT(A9,B9) -> 13 | D9: Awas
A10: 1 | B10: 9 | C10: =_xlfn.CONCAT(A10,B10) -> 19 | D10: Tidak ada data
A11: 2 | B11: 0 | C11: =_xlfn.CONCAT(A11,B11) -> 20 | D11: Siaga
A12: 2 | B12: 1 | C12: =_xlfn.CONCAT(A12,B12) -> 21 | D12: Siaga
... A25: 9 | B25: 9 | C25: =_xlfn.CONCAT(A25,B25) -> 99 | D25: Tidak ada data
